#
# Data for JEvents database
#

USE JEvents;

INSERT INTO `Categories` (`ID`, `Name`) VALUES (1, 'excepturi');
INSERT INTO `Categories` (`ID`, `Name`) VALUES (2, 'qui');
INSERT INTO `Categories` (`ID`, `Name`) VALUES (3, 'accusantium');
INSERT INTO `Categories` (`ID`, `Name`) VALUES (4, 'aut');
INSERT INTO `Categories` (`ID`, `Name`) VALUES (5, 'auto');
INSERT INTO `Categories` (`ID`, `Name`) VALUES (6, 'aliquam');
INSERT INTO `Categories` (`ID`, `Name`) VALUES (7, 'iste');
INSERT INTO `Categories` (`ID`, `Name`) VALUES (8, 'quasi');
INSERT INTO `Categories` (`ID`, `Name`) VALUES (9, 'magnam');
INSERT INTO `Categories` (`ID`, `Name`) VALUES (10, 'fuga');
INSERT INTO `Categories` (`ID`, `Name`) VALUES (11, 'error');
INSERT INTO `Categories` (`ID`, `Name`) VALUES (12, 'nemo');
INSERT INTO `Categories` (`ID`, `Name`) VALUES (13, 'voluptates');
INSERT INTO `Categories` (`ID`, `Name`) VALUES (14, 'dolorem');
INSERT INTO `Categories` (`ID`, `Name`) VALUES (15, 'non');

INSERT INTO `Clubs` (`ID`, `Name`, `Description`) VALUES (1, 'Photography Club', 'Tempore unde tempora incidunt quia autem minima ratione consectetur.');
INSERT INTO `Clubs` (`ID`, `Name`, `Description`) VALUES (2, 'Event Society', 'Culpa facere voluptas numquam voluptatem rem placeat.');
INSERT INTO `Clubs` (`ID`, `Name`, `Description`) VALUES (3, 'Sports Club', 'Officia facere officiis voluptas dolores amet sed perspiciatis.');
INSERT INTO `Clubs` (`ID`, `Name`, `Description`) VALUES (4, 'Soccer Club', 'Animi molestias tempora delectus quod voluptatem ullam.');
INSERT INTO `Clubs` (`ID`, `Name`, `Description`) VALUES (5, 'Film Club', 'Impedit mollitia et neque non cumque nihil exercitationem.');
INSERT INTO `Clubs` (`ID`, `Name`, `Description`) VALUES (6, 'CS Society', 'Et voluptas doloremque ut nam.');
INSERT INTO `Clubs` (`ID`, `Name`, `Description`) VALUES (7, 'Maths Society', 'Esse voluptatem aut error.');
INSERT INTO `Clubs` (`ID`, `Name`, `Description`) VALUES (8, 'Rowing Club', 'Distinctio ad cumque aut adipisci dolorum perspiciatis in.');
INSERT INTO `Clubs` (`ID`, `Name`, `Description`) VALUES (9, 'Pakistani Society', 'Odit vitae autem tempore est sit consectetur enim veniam.');
INSERT INTO `Clubs` (`ID`, `Name`, `Description`) VALUES (10, 'Chess Club', 'Aut quidem quam cum optio iste.');
INSERT INTO `Clubs` (`ID`, `Name`, `Description`) VALUES (11, 'Astronomy Society', 'In et soluta architecto ut magni et id.');
INSERT INTO `Clubs` (`ID`, `Name`, `Description`) VALUES (12, 'Engineering Society', 'Non exercitationem aut nemo dicta.');
INSERT INTO `Clubs` (`ID`, `Name`, `Description`) VALUES (13, 'Yoga Club', 'Velit sint et ut repellat beatae soluta.');
INSERT INTO `Clubs` (`ID`, `Name`, `Description`) VALUES (14, 'Debating Society', 'In sint unde est ab.');
INSERT INTO `Clubs` (`ID`, `Name`, `Description`) VALUES (15, 'Cricket Club', 'Sed fugit odit dolorem velit temporibus minus.');

INSERT INTO `Media` (`ID`, `FilePath`) VALUES (1, '/home/media/rmpepkvu');
INSERT INTO `Media` (`ID`, `FilePath`) VALUES (2, '/home/media/ygezgtbd');
INSERT INTO `Media` (`ID`, `FilePath`) VALUES (3, '/home/media/hwbwsouy');
INSERT INTO `Media` (`ID`, `FilePath`) VALUES (4, '/home/media/euzictkx');
INSERT INTO `Media` (`ID`, `FilePath`) VALUES (5, '/home/media/xdbectdc');
INSERT INTO `Media` (`ID`, `FilePath`) VALUES (6, '/home/media/fbdjydqc');
INSERT INTO `Media` (`ID`, `FilePath`) VALUES (7, '/home/media/otbpnspl');
INSERT INTO `Media` (`ID`, `FilePath`) VALUES (8, '/home/media/geozbcre');
INSERT INTO `Media` (`ID`, `FilePath`) VALUES (9, '/home/media/bhclnoui');
INSERT INTO `Media` (`ID`, `FilePath`) VALUES (10, '/home/media/addsjemr');
INSERT INTO `Media` (`ID`, `FilePath`) VALUES (11, '/home/media/gbprrxrc');
INSERT INTO `Media` (`ID`, `FilePath`) VALUES (12, '/home/media/bqpxflho');
INSERT INTO `Media` (`ID`, `FilePath`) VALUES (13, '/home/media/xifyudka');
INSERT INTO `Media` (`ID`, `FilePath`) VALUES (14, '/home/media/xpaixhkr');
INSERT INTO `Media` (`ID`, `FilePath`) VALUES (15, '/home/media/nrruvnib');
INSERT INTO `Media` (`ID`, `FilePath`) VALUES (16, '/home/media/qqhbecab');
INSERT INTO `Media` (`ID`, `FilePath`) VALUES (17, '/home/media/tvnryoch');
INSERT INTO `Media` (`ID`, `FilePath`) VALUES (18, '/home/media/qutwkpey');
INSERT INTO `Media` (`ID`, `FilePath`) VALUES (19, '/home/media/ugwdaaqz');
INSERT INTO `Media` (`ID`, `FilePath`) VALUES (20, '/home/media/gdaftejt');
INSERT INTO `Media` (`ID`, `FilePath`) VALUES (21, '/home/media/hselhihz');
INSERT INTO `Media` (`ID`, `FilePath`) VALUES (22, '/home/media/ddsiplna');
INSERT INTO `Media` (`ID`, `FilePath`) VALUES (23, '/home/media/thghgbum');
INSERT INTO `Media` (`ID`, `FilePath`) VALUES (24, '/home/media/hqlfyoiy');
INSERT INTO `Media` (`ID`, `FilePath`) VALUES (25, '/home/media/tffbnflv');
INSERT INTO `Media` (`ID`, `FilePath`) VALUES (26, '/home/media/tiazujwk');
INSERT INTO `Media` (`ID`, `FilePath`) VALUES (27, '/home/media/edzxguff');
INSERT INTO `Media` (`ID`, `FilePath`) VALUES (28, '/home/media/vrutyimp');
INSERT INTO `Media` (`ID`, `FilePath`) VALUES (29, '/home/media/zvcieeyr');
INSERT INTO `Media` (`ID`, `FilePath`) VALUES (30, '/home/media/kqzzpbbm');
INSERT INTO `Media` (`ID`, `FilePath`) VALUES (31, '/home/media/lgppowkh');
INSERT INTO `Media` (`ID`, `FilePath`) VALUES (32, '/home/media/ibvwmfbn');
INSERT INTO `Media` (`ID`, `FilePath`) VALUES (33, '/home/media/ijtaysyr');
INSERT INTO `Media` (`ID`, `FilePath`) VALUES (34, '/home/media/htqfkkjm');
INSERT INTO `Media` (`ID`, `FilePath`) VALUES (35, '/home/media/ehllviqw');
INSERT INTO `Media` (`ID`, `FilePath`) VALUES (36, '/home/media/wxrmmrii');
INSERT INTO `Media` (`ID`, `FilePath`) VALUES (37, '/home/media/gxonxalr');
INSERT INTO `Media` (`ID`, `FilePath`) VALUES (38, '/home/media/nmxqvdya');
INSERT INTO `Media` (`ID`, `FilePath`) VALUES (39, '/home/media/tvolgtcr');
INSERT INTO `Media` (`ID`, `FilePath`) VALUES (40, '/home/media/dspbsyad');
INSERT INTO `Media` (`ID`, `FilePath`) VALUES (41, '/home/media/paxiwwzp');
INSERT INTO `Media` (`ID`, `FilePath`) VALUES (42, '/home/media/mluhkiwy');
INSERT INTO `Media` (`ID`, `FilePath`) VALUES (43, '/home/media/rjqcrqhx');
INSERT INTO `Media` (`ID`, `FilePath`) VALUES (44, '/home/media/qthsiklv');
INSERT INTO `Media` (`ID`, `FilePath`) VALUES (45, '/home/media/loxigqbd');
INSERT INTO `Media` (`ID`, `FilePath`) VALUES (46, '/home/media/babxyemq');
INSERT INTO `Media` (`ID`, `FilePath`) VALUES (47, '/home/media/iayhckom');
INSERT INTO `Media` (`ID`, `FilePath`) VALUES (48, '/home/media/ykoueybu');
INSERT INTO `Media` (`ID`, `FilePath`) VALUES (49, '/home/media/avbuvzqg');
INSERT INTO `Media` (`ID`, `FilePath`) VALUES (50, '/home/media/hirplhgp');
INSERT INTO `Media` (`ID`, `FilePath`) VALUES (51, '/home/media/sosobatu');
INSERT INTO `Media` (`ID`, `FilePath`) VALUES (52, '/home/media/nuwjimhj');
INSERT INTO `Media` (`ID`, `FilePath`) VALUES (53, '/home/media/ojfdgcaz');
INSERT INTO `Media` (`ID`, `FilePath`) VALUES (54, '/home/media/wyraoaqf');
INSERT INTO `Media` (`ID`, `FilePath`) VALUES (55, '/home/media/pbaqqnuy');
INSERT INTO `Media` (`ID`, `FilePath`) VALUES (56, '/home/media/xsrcdsmq');
INSERT INTO `Media` (`ID`, `FilePath`) VALUES (57, '/home/media/rhzgbyrz');
INSERT INTO `Media` (`ID`, `FilePath`) VALUES (58, '/home/media/ojvlknwd');
INSERT INTO `Media` (`ID`, `FilePath`) VALUES (59, '/home/media/hqmhdnmc');
INSERT INTO `Media` (`ID`, `FilePath`) VALUES (60, '/home/media/wrtteipd');
INSERT INTO `Media` (`ID`, `FilePath`) VALUES (61, '/home/media/ponijmcm');
INSERT INTO `Media` (`ID`, `FilePath`) VALUES (62, '/home/media/hhdzzkdv');
INSERT INTO `Media` (`ID`, `FilePath`) VALUES (63, '/home/media/tqminruh');
INSERT INTO `Media` (`ID`, `FilePath`) VALUES (64, '/home/media/rhciqoqi');
INSERT INTO `Media` (`ID`, `FilePath`) VALUES (65, '/home/media/zcpwyqmw');
INSERT INTO `Media` (`ID`, `FilePath`) VALUES (66, '/home/media/zrijcmec');
INSERT INTO `Media` (`ID`, `FilePath`) VALUES (67, '/home/media/ocxtsxkz');
INSERT INTO `Media` (`ID`, `FilePath`) VALUES (68, '/home/media/vvpnmyzs');
INSERT INTO `Media` (`ID`, `FilePath`) VALUES (69, '/home/media/xfflskeh');
INSERT INTO `Media` (`ID`, `FilePath`) VALUES (70, '/home/media/larleqpc');
INSERT INTO `Media` (`ID`, `FilePath`) VALUES (71, '/home/media/xbfppjox');
INSERT INTO `Media` (`ID`, `FilePath`) VALUES (72, '/home/media/xocipuaq');
INSERT INTO `Media` (`ID`, `FilePath`) VALUES (73, '/home/media/ydpxvdhc');
INSERT INTO `Media` (`ID`, `FilePath`) VALUES (74, '/home/media/skholqls');
INSERT INTO `Media` (`ID`, `FilePath`) VALUES (75, '/home/media/wxsfypzi');
INSERT INTO `Media` (`ID`, `FilePath`) VALUES (76, '/home/media/vmgwkpbg');
INSERT INTO `Media` (`ID`, `FilePath`) VALUES (77, '/home/media/nfvdhenu');
INSERT INTO `Media` (`ID`, `FilePath`) VALUES (78, '/home/media/hpfltldh');
INSERT INTO `Media` (`ID`, `FilePath`) VALUES (79, '/home/media/ypjuxzcj');
INSERT INTO `Media` (`ID`, `FilePath`) VALUES (80, '/home/media/tcbqkhor');
INSERT INTO `Media` (`ID`, `FilePath`) VALUES (81, '/home/media/fxcfntfp');
INSERT INTO `Media` (`ID`, `FilePath`) VALUES (82, '/home/media/mcocmrou');
INSERT INTO `Media` (`ID`, `FilePath`) VALUES (83, '/home/media/fcxwmflm');
INSERT INTO `Media` (`ID`, `FilePath`) VALUES (84, '/home/media/coskulhi');
INSERT INTO `Media` (`ID`, `FilePath`) VALUES (85, '/home/media/tuamgwax');
INSERT INTO `Media` (`ID`, `FilePath`) VALUES (86, '/home/media/dyjfptvf');
INSERT INTO `Media` (`ID`, `FilePath`) VALUES (87, '/home/media/eemgjrie');
INSERT INTO `Media` (`ID`, `FilePath`) VALUES (88, '/home/media/gknrcgzk');
INSERT INTO `Media` (`ID`, `FilePath`) VALUES (89, '/home/media/arhouipb');
INSERT INTO `Media` (`ID`, `FilePath`) VALUES (90, '/home/media/uqmvevrt');
INSERT INTO `Media` (`ID`, `FilePath`) VALUES (91, '/home/media/mvoyhjwu');
INSERT INTO `Media` (`ID`, `FilePath`) VALUES (92, '/home/media/myazwhqn');
INSERT INTO `Media` (`ID`, `FilePath`) VALUES (93, '/home/media/iqfjocfi');
INSERT INTO `Media` (`ID`, `FilePath`) VALUES (94, '/home/media/gggrcrpb');
INSERT INTO `Media` (`ID`, `FilePath`) VALUES (95, '/home/media/dyzmotpm');
INSERT INTO `Media` (`ID`, `FilePath`) VALUES (96, '/home/media/zjzpfypi');
INSERT INTO `Media` (`ID`, `FilePath`) VALUES (97, '/home/media/sjsjuzoq');
INSERT INTO `Media` (`ID`, `FilePath`) VALUES (98, '/home/media/mjubytoa');
INSERT INTO `Media` (`ID`, `FilePath`) VALUES (99, '/home/media/vshwpfky');
INSERT INTO `Media` (`ID`, `FilePath`) VALUES (100, '/home/media/oegjhgbf');

INSERT INTO `Photos` (`ID`, `FileFormat`) VALUES (15, 'png');
INSERT INTO `Photos` (`ID`, `FileFormat`) VALUES (55, 'bmp');
INSERT INTO `Photos` (`ID`, `FileFormat`) VALUES (97, 'bmp');
INSERT INTO `Photos` (`ID`, `FileFormat`) VALUES (57, 'png');
INSERT INTO `Photos` (`ID`, `FileFormat`) VALUES (79, 'tiff');
INSERT INTO `Photos` (`ID`, `FileFormat`) VALUES (71, 'tiff');
INSERT INTO `Photos` (`ID`, `FileFormat`) VALUES (25, 'tiff');
INSERT INTO `Photos` (`ID`, `FileFormat`) VALUES (31, 'tiff');
INSERT INTO `Photos` (`ID`, `FileFormat`) VALUES (65, 'jpg');
INSERT INTO `Photos` (`ID`, `FileFormat`) VALUES (75, 'tiff');
INSERT INTO `Photos` (`ID`, `FileFormat`) VALUES (7, 'png');
INSERT INTO `Photos` (`ID`, `FileFormat`) VALUES (33, 'tiff');
INSERT INTO `Photos` (`ID`, `FileFormat`) VALUES (5, 'jpg');
INSERT INTO `Photos` (`ID`, `FileFormat`) VALUES (43, 'gif');
INSERT INTO `Photos` (`ID`, `FileFormat`) VALUES (85, 'png');
INSERT INTO `Photos` (`ID`, `FileFormat`) VALUES (35, 'tiff');
INSERT INTO `Photos` (`ID`, `FileFormat`) VALUES (59, 'tiff');
INSERT INTO `Photos` (`ID`, `FileFormat`) VALUES (47, 'gif');
INSERT INTO `Photos` (`ID`, `FileFormat`) VALUES (19, 'png');
INSERT INTO `Photos` (`ID`, `FileFormat`) VALUES (49, 'gif');
INSERT INTO `Photos` (`ID`, `FileFormat`) VALUES (63, 'gif');
INSERT INTO `Photos` (`ID`, `FileFormat`) VALUES (73, 'gif');
INSERT INTO `Photos` (`ID`, `FileFormat`) VALUES (83, 'jpg');
INSERT INTO `Photos` (`ID`, `FileFormat`) VALUES (81, 'gif');
INSERT INTO `Photos` (`ID`, `FileFormat`) VALUES (91, 'tiff');
INSERT INTO `Photos` (`ID`, `FileFormat`) VALUES (23, 'png');
INSERT INTO `Photos` (`ID`, `FileFormat`) VALUES (61, 'gif');
INSERT INTO `Photos` (`ID`, `FileFormat`) VALUES (17, 'png');
INSERT INTO `Photos` (`ID`, `FileFormat`) VALUES (53, 'png');
INSERT INTO `Photos` (`ID`, `FileFormat`) VALUES (41, 'bmp');
INSERT INTO `Photos` (`ID`, `FileFormat`) VALUES (11, 'bmp');
INSERT INTO `Photos` (`ID`, `FileFormat`) VALUES (27, 'tiff');
INSERT INTO `Photos` (`ID`, `FileFormat`) VALUES (51, 'bmp');
INSERT INTO `Photos` (`ID`, `FileFormat`) VALUES (29, 'bmp');
INSERT INTO `Photos` (`ID`, `FileFormat`) VALUES (9, 'gif');
INSERT INTO `Photos` (`ID`, `FileFormat`) VALUES (37, 'tiff');
INSERT INTO `Photos` (`ID`, `FileFormat`) VALUES (93, 'jpg');
INSERT INTO `Photos` (`ID`, `FileFormat`) VALUES (99, 'bmp');
INSERT INTO `Photos` (`ID`, `FileFormat`) VALUES (21, 'tiff');
INSERT INTO `Photos` (`ID`, `FileFormat`) VALUES (45, 'bmp');
INSERT INTO `Photos` (`ID`, `FileFormat`) VALUES (69, 'tiff');
INSERT INTO `Photos` (`ID`, `FileFormat`) VALUES (87, 'gif');
INSERT INTO `Photos` (`ID`, `FileFormat`) VALUES (89, 'gif');
INSERT INTO `Photos` (`ID`, `FileFormat`) VALUES (39, 'tiff');
INSERT INTO `Photos` (`ID`, `FileFormat`) VALUES (67, 'bmp');
INSERT INTO `Photos` (`ID`, `FileFormat`) VALUES (3, 'gif');
INSERT INTO `Photos` (`ID`, `FileFormat`) VALUES (77, 'gif');
INSERT INTO `Photos` (`ID`, `FileFormat`) VALUES (13, 'jpg');
INSERT INTO `Photos` (`ID`, `FileFormat`) VALUES (1, 'jpg');
INSERT INTO `Photos` (`ID`, `FileFormat`) VALUES (95, 'png');

INSERT INTO `Requirements` (`ID`, `Description`) VALUES (1, 'Vel quos dolorem pariatur saepe. Nobis culpa earum odit et in aut illum. Ipsa dolorum eius necessitatibus voluptatem dolorem.');
INSERT INTO `Requirements` (`ID`, `Description`) VALUES (2, 'Exercitationem aperiam ut necessitatibus quas ducimus ad temporibus. Dolorum quidem numquam et reprehenderit rerum quia.');
INSERT INTO `Requirements` (`ID`, `Description`) VALUES (3, 'Placeat quas autem voluptatem non rerum quaerat et. Neque mollitia ut recusandae. Culpa quibusdam qui accusantium quis eum a. Repudiandae natus eligendi culpa.');
INSERT INTO `Requirements` (`ID`, `Description`) VALUES (4, 'Ex accusantium quasi fugiat adipisci enim. Debitis ad fuga natus consequatur nihil officia. Dolorum et eaque qui debitis in consequatur.');
INSERT INTO `Requirements` (`ID`, `Description`) VALUES (5, 'Tempora debitis deleniti et optio qui. Est omnis molestiae qui voluptatem voluptatem. Cupiditate est non nemo et. Et aut quia qui consequatur eveniet ut.');
INSERT INTO `Requirements` (`ID`, `Description`) VALUES (6, 'Voluptatem animi rem sit non. At sequi quisquam rerum ut molestiae vero dolor.');
INSERT INTO `Requirements` (`ID`, `Description`) VALUES (7, 'Sed vel odio adipisci quis fugiat facilis et. Non eos quod magnam quaerat eaque delectus porro. Nisi voluptas quas sit molestiae. Ipsum molestiae omnis aut reprehenderit quibusdam fugit.');
INSERT INTO `Requirements` (`ID`, `Description`) VALUES (8, 'Delectus voluptatem aut voluptatum magnam. Quia ut vel est a. Ea distinctio quo quo tempora fugiat. Rem consequatur ipsa incidunt distinctio officiis occaecati maiores.');
INSERT INTO `Requirements` (`ID`, `Description`) VALUES (9, 'Fugit perspiciatis ut adipisci repudiandae qui enim. Ab vel magni unde officia magni ea est. Vel nam fuga in earum ipsum atque.');
INSERT INTO `Requirements` (`ID`, `Description`) VALUES (10, 'Quod ipsum reiciendis sit perspiciatis soluta. Alias neque rem consequatur odit aut ipsam. Consequuntur consequatur ipsum ducimus pariatur quo voluptas odit tempora. A et natus enim inventore.');

INSERT INTO `Students` (`ID`, `FirstName`, `LastName`, `Email`) VALUES (1, 'Audra', 'Swift', 'thompson.columbus@example.org');
INSERT INTO `Students` (`ID`, `FirstName`, `LastName`, `Email`) VALUES (2, 'Shany', 'Braun', 'retha13@example.org');
INSERT INTO `Students` (`ID`, `FirstName`, `LastName`, `Email`) VALUES (3, 'Roosevelt', 'Hermann', 'ilockman@example.org');
INSERT INTO `Students` (`ID`, `FirstName`, `LastName`, `Email`) VALUES (4, 'Joel', 'Auer', 'wintheiser.hayley@example.com');
INSERT INTO `Students` (`ID`, `FirstName`, `LastName`, `Email`) VALUES (5, 'Jammie', 'Mertz', 'anthony.smith@example.com');
INSERT INTO `Students` (`ID`, `FirstName`, `LastName`, `Email`) VALUES (6, 'Amina', 'Veum', 'graham.bradley@example.org');
INSERT INTO `Students` (`ID`, `FirstName`, `LastName`, `Email`) VALUES (7, 'Rafael', 'Nitzsche', 'berneice.kihn@example.net');
INSERT INTO `Students` (`ID`, `FirstName`, `LastName`, `Email`) VALUES (8, 'Malachi', 'Mayer', 'sbahringer@example.com');
INSERT INTO `Students` (`ID`, `FirstName`, `LastName`, `Email`) VALUES (9, 'Hobart', 'Ziemann', 'giovanni.gerlach@example.net');
INSERT INTO `Students` (`ID`, `FirstName`, `LastName`, `Email`) VALUES (10, 'Ryley', 'Schultz', 'carli87@example.net');
INSERT INTO `Students` (`ID`, `FirstName`, `LastName`, `Email`) VALUES (11, 'Gianni', 'Bergstrom', 'sandra.hermann@example.org');
INSERT INTO `Students` (`ID`, `FirstName`, `LastName`, `Email`) VALUES (12, 'Annie', 'Kuphal', 'chelsie25@example.org');
INSERT INTO `Students` (`ID`, `FirstName`, `LastName`, `Email`) VALUES (13, 'Barney', 'Ferry', 'aufderhar.vito@example.com');
INSERT INTO `Students` (`ID`, `FirstName`, `LastName`, `Email`) VALUES (14, 'Martina', 'DuBuque', 'idell67@example.com');
INSERT INTO `Students` (`ID`, `FirstName`, `LastName`, `Email`) VALUES (15, 'Iliana', 'Shanahan', 'zleannon@example.com');
INSERT INTO `Students` (`ID`, `FirstName`, `LastName`, `Email`) VALUES (16, 'Catharine', 'Bechtelar', 'mccullough.claire@example.org');
INSERT INTO `Students` (`ID`, `FirstName`, `LastName`, `Email`) VALUES (17, 'Alice', 'Marquardt', 'josue.von@example.net');
INSERT INTO `Students` (`ID`, `FirstName`, `LastName`, `Email`) VALUES (18, 'Burdette', 'Ferry', 'mohammad.stiedemann@example.org');
INSERT INTO `Students` (`ID`, `FirstName`, `LastName`, `Email`) VALUES (19, 'Adan', 'Pfannerstill', 'alyson52@example.org');
INSERT INTO `Students` (`ID`, `FirstName`, `LastName`, `Email`) VALUES (20, 'Aubree', 'Adams', 'russel.eleanora@example.net');
INSERT INTO `Students` (`ID`, `FirstName`, `LastName`, `Email`) VALUES (21, 'Conrad', 'Casper', 'vdoyle@example.net');
INSERT INTO `Students` (`ID`, `FirstName`, `LastName`, `Email`) VALUES (22, 'Wallace', 'Abernathy', 'gerlach.maxie@example.net');
INSERT INTO `Students` (`ID`, `FirstName`, `LastName`, `Email`) VALUES (23, 'Lorenza', 'Lynch', 'reagan23@example.net');
INSERT INTO `Students` (`ID`, `FirstName`, `LastName`, `Email`) VALUES (24, 'Howell', 'Hirthe', 'enolan@example.org');
INSERT INTO `Students` (`ID`, `FirstName`, `LastName`, `Email`) VALUES (25, 'Macey', 'Auer', 'herzog.maryam@example.net');
INSERT INTO `Students` (`ID`, `FirstName`, `LastName`, `Email`) VALUES (26, 'Noble', 'Bernhard', 'harris.demetris@example.net');
INSERT INTO `Students` (`ID`, `FirstName`, `LastName`, `Email`) VALUES (27, 'Evelyn', 'Gleichner', 'hettinger.florida@example.org');
INSERT INTO `Students` (`ID`, `FirstName`, `LastName`, `Email`) VALUES (28, 'Jace', 'Sporer', 'rau.taya@example.com');
INSERT INTO `Students` (`ID`, `FirstName`, `LastName`, `Email`) VALUES (29, 'Elton', 'Stark', 'sydnie24@example.com');
INSERT INTO `Students` (`ID`, `FirstName`, `LastName`, `Email`) VALUES (30, 'Lillian', 'Leuschke', 'shanny52@example.com');
INSERT INTO `Students` (`ID`, `FirstName`, `LastName`, `Email`) VALUES (31, 'Lula', 'Crist', 'xheller@example.net');
INSERT INTO `Students` (`ID`, `FirstName`, `LastName`, `Email`) VALUES (32, 'Raina', 'Williamson', 'gorczany.allie@example.org');
INSERT INTO `Students` (`ID`, `FirstName`, `LastName`, `Email`) VALUES (33, 'Solon', 'Wilderman', 'spencer.johnson@example.org');
INSERT INTO `Students` (`ID`, `FirstName`, `LastName`, `Email`) VALUES (34, 'Abdiel', 'Macejkovic', 'wilfrid61@example.net');
INSERT INTO `Students` (`ID`, `FirstName`, `LastName`, `Email`) VALUES (35, 'Loyal', 'Sporer', 'grady.orn@example.com');
INSERT INTO `Students` (`ID`, `FirstName`, `LastName`, `Email`) VALUES (36, 'Reilly', 'Renner', 'colleen.rutherford@example.com');
INSERT INTO `Students` (`ID`, `FirstName`, `LastName`, `Email`) VALUES (37, 'Hannah', 'Raynor', 'hills.bianka@example.com');
INSERT INTO `Students` (`ID`, `FirstName`, `LastName`, `Email`) VALUES (38, 'Domenick', 'Hane', 'ahand@example.org');
INSERT INTO `Students` (`ID`, `FirstName`, `LastName`, `Email`) VALUES (39, 'Katelynn', 'Rodriguez', 'nkling@example.org');
INSERT INTO `Students` (`ID`, `FirstName`, `LastName`, `Email`) VALUES (40, 'Vinnie', 'Bechtelar', 'morris12@example.org');
INSERT INTO `Students` (`ID`, `FirstName`, `LastName`, `Email`) VALUES (41, 'Rico', 'Morar', 'mckenzie.eveline@example.org');
INSERT INTO `Students` (`ID`, `FirstName`, `LastName`, `Email`) VALUES (42, 'Bobby', 'Fadel', 'hallie.lindgren@example.com');
INSERT INTO `Students` (`ID`, `FirstName`, `LastName`, `Email`) VALUES (43, 'Torrey', 'Swift', 'kaela.heaney@example.net');
INSERT INTO `Students` (`ID`, `FirstName`, `LastName`, `Email`) VALUES (44, 'Deshawn', 'O\'Reilly', 'bdurgan@example.org');
INSERT INTO `Students` (`ID`, `FirstName`, `LastName`, `Email`) VALUES (45, 'Josue', 'Kilback', 'zkunde@example.org');
INSERT INTO `Students` (`ID`, `FirstName`, `LastName`, `Email`) VALUES (46, 'Cydney', 'Wisoky', 'dangelo.schinner@example.net');
INSERT INTO `Students` (`ID`, `FirstName`, `LastName`, `Email`) VALUES (47, 'Evert', 'Weimann', 'west.georgette@example.net');
INSERT INTO `Students` (`ID`, `FirstName`, `LastName`, `Email`) VALUES (48, 'Missouri', 'Hahn', 'heller.ulises@example.org');
INSERT INTO `Students` (`ID`, `FirstName`, `LastName`, `Email`) VALUES (49, 'Ransom', 'Kuvalis', 'eo\'reilly@example.com');
INSERT INTO `Students` (`ID`, `FirstName`, `LastName`, `Email`) VALUES (50, 'Durward', 'Kiehn', 'zkoch@example.net');
INSERT INTO `Students` (`ID`, `FirstName`, `LastName`, `Email`) VALUES (51, 'Manuel', 'Halvorson', 'cchristiansen@example.net');
INSERT INTO `Students` (`ID`, `FirstName`, `LastName`, `Email`) VALUES (52, 'Estell', 'Jenkins', 'acollier@example.net');
INSERT INTO `Students` (`ID`, `FirstName`, `LastName`, `Email`) VALUES (53, 'Andreanne', 'Treutel', 'noe.toy@example.net');
INSERT INTO `Students` (`ID`, `FirstName`, `LastName`, `Email`) VALUES (54, 'Jamal', 'Rice', 'althea37@example.org');
INSERT INTO `Students` (`ID`, `FirstName`, `LastName`, `Email`) VALUES (55, 'Katherine', 'Altenwerth', 'uwalsh@example.com');
INSERT INTO `Students` (`ID`, `FirstName`, `LastName`, `Email`) VALUES (56, 'Oliver', 'Lebsack', 'frunolfsson@example.org');
INSERT INTO `Students` (`ID`, `FirstName`, `LastName`, `Email`) VALUES (57, 'Louie', 'White', 'carroll.kariane@example.org');
INSERT INTO `Students` (`ID`, `FirstName`, `LastName`, `Email`) VALUES (58, 'Colby', 'Swift', 'dante.schmitt@example.net');
INSERT INTO `Students` (`ID`, `FirstName`, `LastName`, `Email`) VALUES (59, 'Mazie', 'Macejkovic', 'emory.cormier@example.org');
INSERT INTO `Students` (`ID`, `FirstName`, `LastName`, `Email`) VALUES (60, 'Agustina', 'Fritsch', 'baby.abbott@example.net');
INSERT INTO `Students` (`ID`, `FirstName`, `LastName`, `Email`) VALUES (61, 'Kayden', 'Ritchie', 'xerdman@example.net');
INSERT INTO `Students` (`ID`, `FirstName`, `LastName`, `Email`) VALUES (62, 'Alize', 'Mills', 'bruce90@example.com');
INSERT INTO `Students` (`ID`, `FirstName`, `LastName`, `Email`) VALUES (63, 'Carroll', 'Hermann', 'patsy.reichert@example.com');
INSERT INTO `Students` (`ID`, `FirstName`, `LastName`, `Email`) VALUES (64, 'Richmond', 'Ortiz', 'kennedi.zemlak@example.org');
INSERT INTO `Students` (`ID`, `FirstName`, `LastName`, `Email`) VALUES (65, 'Murl', 'Johnson', 'cyril.upton@example.org');
INSERT INTO `Students` (`ID`, `FirstName`, `LastName`, `Email`) VALUES (66, 'Cyrus', 'Nader', 'barrows.helmer@example.org');
INSERT INTO `Students` (`ID`, `FirstName`, `LastName`, `Email`) VALUES (67, 'Lexie', 'Goldner', 'will43@example.org');
INSERT INTO `Students` (`ID`, `FirstName`, `LastName`, `Email`) VALUES (68, 'Bernadine', 'Beer', 'dessie89@example.net');
INSERT INTO `Students` (`ID`, `FirstName`, `LastName`, `Email`) VALUES (69, 'Germaine', 'Armstrong', 'zachariah.klocko@example.org');
INSERT INTO `Students` (`ID`, `FirstName`, `LastName`, `Email`) VALUES (70, 'Jayme', 'Schumm', 'bernie49@example.net');
INSERT INTO `Students` (`ID`, `FirstName`, `LastName`, `Email`) VALUES (71, 'Jaqueline', 'Koss', 'viola.romaguera@example.org');
INSERT INTO `Students` (`ID`, `FirstName`, `LastName`, `Email`) VALUES (72, 'Vena', 'Gulgowski', 'gregory.conn@example.org');
INSERT INTO `Students` (`ID`, `FirstName`, `LastName`, `Email`) VALUES (73, 'Nestor', 'Mann', 'amertz@example.com');
INSERT INTO `Students` (`ID`, `FirstName`, `LastName`, `Email`) VALUES (74, 'Raymond', 'Ullrich', 'joan78@example.org');
INSERT INTO `Students` (`ID`, `FirstName`, `LastName`, `Email`) VALUES (75, 'Dasia', 'Beatty', 'mzemlak@example.org');
INSERT INTO `Students` (`ID`, `FirstName`, `LastName`, `Email`) VALUES (76, 'Marlene', 'O\'Conner', 'greenfelder.keyon@example.org');
INSERT INTO `Students` (`ID`, `FirstName`, `LastName`, `Email`) VALUES (77, 'Buck', 'Bernhard', 'lucile.hilpert@example.com');
INSERT INTO `Students` (`ID`, `FirstName`, `LastName`, `Email`) VALUES (78, 'Brycen', 'Durgan', 'stiedemann.shane@example.com');
INSERT INTO `Students` (`ID`, `FirstName`, `LastName`, `Email`) VALUES (79, 'Aliza', 'Barrows', 'xbailey@example.com');
INSERT INTO `Students` (`ID`, `FirstName`, `LastName`, `Email`) VALUES (80, 'Fredrick', 'Kautzer', 'shad.fay@example.com');
INSERT INTO `Students` (`ID`, `FirstName`, `LastName`, `Email`) VALUES (81, 'Joaquin', 'Morissette', 'pansy.turner@example.org');
INSERT INTO `Students` (`ID`, `FirstName`, `LastName`, `Email`) VALUES (82, 'Jody', 'Terry', 'koss.jerrold@example.net');
INSERT INTO `Students` (`ID`, `FirstName`, `LastName`, `Email`) VALUES (83, 'Rod', 'Christiansen', 'lehner.alva@example.net');
INSERT INTO `Students` (`ID`, `FirstName`, `LastName`, `Email`) VALUES (84, 'Anna', 'Dach', 'cpowlowski@example.com');
INSERT INTO `Students` (`ID`, `FirstName`, `LastName`, `Email`) VALUES (85, 'Sienna', 'Skiles', 'berge.leopold@example.com');
INSERT INTO `Students` (`ID`, `FirstName`, `LastName`, `Email`) VALUES (86, 'Chelsey', 'Schaefer', 'lydia42@example.net');
INSERT INTO `Students` (`ID`, `FirstName`, `LastName`, `Email`) VALUES (87, 'Heloise', 'Blanda', 'dustin.ryan@example.org');
INSERT INTO `Students` (`ID`, `FirstName`, `LastName`, `Email`) VALUES (88, 'Ayden', 'Abbott', 'kstamm@example.net');
INSERT INTO `Students` (`ID`, `FirstName`, `LastName`, `Email`) VALUES (89, 'Kenyatta', 'Weimann', 'dwight.pollich@example.com');
INSERT INTO `Students` (`ID`, `FirstName`, `LastName`, `Email`) VALUES (90, 'Myrna', 'Cremin', 'emmy59@example.com');
INSERT INTO `Students` (`ID`, `FirstName`, `LastName`, `Email`) VALUES (91, 'Ronaldo', 'Zieme', 'hmueller@example.org');
INSERT INTO `Students` (`ID`, `FirstName`, `LastName`, `Email`) VALUES (92, 'Reggie', 'Spinka', 'isabella.vandervort@example.com');
INSERT INTO `Students` (`ID`, `FirstName`, `LastName`, `Email`) VALUES (93, 'Jazmin', 'Harris', 'otho.senger@example.com');
INSERT INTO `Students` (`ID`, `FirstName`, `LastName`, `Email`) VALUES (94, 'Loyal', 'Cronin', 'winnifred.terry@example.com');
INSERT INTO `Students` (`ID`, `FirstName`, `LastName`, `Email`) VALUES (95, 'Morton', 'Cole', 'ehilpert@example.com');
INSERT INTO `Students` (`ID`, `FirstName`, `LastName`, `Email`) VALUES (96, 'Gia', 'Legros', 'brakus.cyril@example.net');
INSERT INTO `Students` (`ID`, `FirstName`, `LastName`, `Email`) VALUES (97, 'Christiana', 'Rosenbaum', 'dmante@example.org');
INSERT INTO `Students` (`ID`, `FirstName`, `LastName`, `Email`) VALUES (98, 'Lacey', 'Hammes', 'theo.schmidt@example.net');
INSERT INTO `Students` (`ID`, `FirstName`, `LastName`, `Email`) VALUES (99, 'Malvina', 'Dare', 'dare.hazel@example.org');
INSERT INTO `Students` (`ID`, `FirstName`, `LastName`, `Email`) VALUES (100, 'Leopoldo', 'Johnson', 'jensen08@example.com');

INSERT INTO `Presidents` (`StudentID`, `ClubID`) VALUES (76, 3);
INSERT INTO `Presidents` (`StudentID`, `ClubID`) VALUES (13, 12);
INSERT INTO `Presidents` (`StudentID`, `ClubID`) VALUES (58, 9);
INSERT INTO `Presidents` (`StudentID`, `ClubID`) VALUES (46, 4);
INSERT INTO `Presidents` (`StudentID`, `ClubID`) VALUES (10, 2);
INSERT INTO `Presidents` (`StudentID`, `ClubID`) VALUES (1, 1);
INSERT INTO `Presidents` (`StudentID`, `ClubID`) VALUES (43, 8);
INSERT INTO `Presidents` (`StudentID`, `ClubID`) VALUES (39, 7);
INSERT INTO `Presidents` (`StudentID`, `ClubID`) VALUES (23, 3);
INSERT INTO `Presidents` (`StudentID`, `ClubID`) VALUES (66, 13);
INSERT INTO `Presidents` (`StudentID`, `ClubID`) VALUES (87, 11);
INSERT INTO `Presidents` (`StudentID`, `ClubID`) VALUES (75, 10);
INSERT INTO `Presidents` (`StudentID`, `ClubID`) VALUES (83, 6);
INSERT INTO `Presidents` (`StudentID`, `ClubID`) VALUES (26, 5);
INSERT INTO `Presidents` (`StudentID`, `ClubID`) VALUES (71, 15);

INSERT INTO `Venues` (`ID`, `Name`, `Description`) VALUES (1, 'Apt. 151', 'Similique natus consequatur ut dolorem sapiente in nostrum.');
INSERT INTO `Venues` (`ID`, `Name`, `Description`) VALUES (2, 'Apt. 930', 'Dolores nam doloribus et sed.');
INSERT INTO `Venues` (`ID`, `Name`, `Description`) VALUES (3, 'Suite 070', 'Eum consectetur eligendi nam autem nulla officiis.');
INSERT INTO `Venues` (`ID`, `Name`, `Description`) VALUES (4, 'Suite 627', 'Aliquid sequi maiores explicabo ut distinctio eius saepe.');
INSERT INTO `Venues` (`ID`, `Name`, `Description`) VALUES (5, 'Apt. 712', 'Tempore voluptate sint sit libero.');
INSERT INTO `Venues` (`ID`, `Name`, `Description`) VALUES (6, 'Apt. 027', 'Qui nam cumque neque assumenda animi consequatur optio aut.');
INSERT INTO `Venues` (`ID`, `Name`, `Description`) VALUES (7, 'Suite 824', 'Nihil et cum perferendis iste sint vero ratione.');
INSERT INTO `Venues` (`ID`, `Name`, `Description`) VALUES (8, 'Suite 814', 'Ut illo voluptates sunt accusantium delectus facilis.');
INSERT INTO `Venues` (`ID`, `Name`, `Description`) VALUES (9, 'Suite 111', 'Quia inventore rem totam esse reiciendis sapiente et.');
INSERT INTO `Venues` (`ID`, `Name`, `Description`) VALUES (10, 'Apt. 252', 'Ipsa similique dolores corrupti optio vitae ipsum.');
INSERT INTO `Venues` (`ID`, `Name`, `Description`) VALUES (11, 'Apt. 680', 'Et alias nihil pariatur quod sit et.');
INSERT INTO `Venues` (`ID`, `Name`, `Description`) VALUES (12, 'Suite 057', 'Expedita repudiandae qui in dignissimos cumque quas eius.');
INSERT INTO `Venues` (`ID`, `Name`, `Description`) VALUES (13, 'Apt. 825', 'Omnis exercitationem est dolorem.');
INSERT INTO `Venues` (`ID`, `Name`, `Description`) VALUES (14, 'Apt. 460', 'Error quia sint natus nostrum.');
INSERT INTO `Venues` (`ID`, `Name`, `Description`) VALUES (15, 'Apt. 868', 'Velit quis id animi ratione modi quasi.');
INSERT INTO `Venues` (`ID`, `Name`, `Description`) VALUES (16, 'Suite 738', 'Optio omnis blanditiis ut reprehenderit.');
INSERT INTO `Venues` (`ID`, `Name`, `Description`) VALUES (17, 'Suite 719', 'Ipsum est asperiores dolor aliquid eveniet pariatur magnam occaecati.');
INSERT INTO `Venues` (`ID`, `Name`, `Description`) VALUES (18, 'Apt. 047', 'Voluptatibus recusandae soluta alias.');
INSERT INTO `Venues` (`ID`, `Name`, `Description`) VALUES (19, 'Suite 287', 'Nulla ut voluptas laudantium et quis ex dolores nesciunt.');
INSERT INTO `Venues` (`ID`, `Name`, `Description`) VALUES (20, 'Suite 090', 'Qui magni consequatur porro quia quisquam ut incidunt sit.');

INSERT INTO `VenueMedia` (`VenueID`, `MediaID`) VALUES (8, 17);
INSERT INTO `VenueMedia` (`VenueID`, `MediaID`) VALUES (7, 90);
INSERT INTO `VenueMedia` (`VenueID`, `MediaID`) VALUES (19, 30);
INSERT INTO `VenueMedia` (`VenueID`, `MediaID`) VALUES (19, 59);
INSERT INTO `VenueMedia` (`VenueID`, `MediaID`) VALUES (20, 37);
INSERT INTO `VenueMedia` (`VenueID`, `MediaID`) VALUES (11, 45);
INSERT INTO `VenueMedia` (`VenueID`, `MediaID`) VALUES (11, 18);
INSERT INTO `VenueMedia` (`VenueID`, `MediaID`) VALUES (6, 93);
INSERT INTO `VenueMedia` (`VenueID`, `MediaID`) VALUES (12, 7);
INSERT INTO `VenueMedia` (`VenueID`, `MediaID`) VALUES (20, 49);
INSERT INTO `VenueMedia` (`VenueID`, `MediaID`) VALUES (14, 84);
INSERT INTO `VenueMedia` (`VenueID`, `MediaID`) VALUES (10, 31);
INSERT INTO `VenueMedia` (`VenueID`, `MediaID`) VALUES (18, 60);
INSERT INTO `VenueMedia` (`VenueID`, `MediaID`) VALUES (20, 77);
INSERT INTO `VenueMedia` (`VenueID`, `MediaID`) VALUES (10, 95);
INSERT INTO `VenueMedia` (`VenueID`, `MediaID`) VALUES (9, 91);
INSERT INTO `VenueMedia` (`VenueID`, `MediaID`) VALUES (3, 64);
INSERT INTO `VenueMedia` (`VenueID`, `MediaID`) VALUES (5, 70);
INSERT INTO `VenueMedia` (`VenueID`, `MediaID`) VALUES (12, 76);
INSERT INTO `VenueMedia` (`VenueID`, `MediaID`) VALUES (13, 100);
INSERT INTO `VenueMedia` (`VenueID`, `MediaID`) VALUES (20, 27);
INSERT INTO `VenueMedia` (`VenueID`, `MediaID`) VALUES (9, 50);
INSERT INTO `VenueMedia` (`VenueID`, `MediaID`) VALUES (4, 23);
INSERT INTO `VenueMedia` (`VenueID`, `MediaID`) VALUES (8, 41);
INSERT INTO `VenueMedia` (`VenueID`, `MediaID`) VALUES (16, 34);
INSERT INTO `VenueMedia` (`VenueID`, `MediaID`) VALUES (10, 43);
INSERT INTO `VenueMedia` (`VenueID`, `MediaID`) VALUES (5, 51);
INSERT INTO `VenueMedia` (`VenueID`, `MediaID`) VALUES (11, 25);
INSERT INTO `VenueMedia` (`VenueID`, `MediaID`) VALUES (10, 58);
INSERT INTO `VenueMedia` (`VenueID`, `MediaID`) VALUES (2, 48);
INSERT INTO `VenueMedia` (`VenueID`, `MediaID`) VALUES (4, 56);
INSERT INTO `VenueMedia` (`VenueID`, `MediaID`) VALUES (8, 81);
INSERT INTO `VenueMedia` (`VenueID`, `MediaID`) VALUES (4, 32);
INSERT INTO `VenueMedia` (`VenueID`, `MediaID`) VALUES (16, 55);
INSERT INTO `VenueMedia` (`VenueID`, `MediaID`) VALUES (8, 16);
INSERT INTO `VenueMedia` (`VenueID`, `MediaID`) VALUES (3, 20);
INSERT INTO `VenueMedia` (`VenueID`, `MediaID`) VALUES (9, 11);
INSERT INTO `VenueMedia` (`VenueID`, `MediaID`) VALUES (4, 12);
INSERT INTO `VenueMedia` (`VenueID`, `MediaID`) VALUES (6, 33);
INSERT INTO `VenueMedia` (`VenueID`, `MediaID`) VALUES (6, 74);
INSERT INTO `VenueMedia` (`VenueID`, `MediaID`) VALUES (19, 86);
INSERT INTO `VenueMedia` (`VenueID`, `MediaID`) VALUES (13, 10);
INSERT INTO `VenueMedia` (`VenueID`, `MediaID`) VALUES (15, 1);
INSERT INTO `VenueMedia` (`VenueID`, `MediaID`) VALUES (13, 66);
INSERT INTO `VenueMedia` (`VenueID`, `MediaID`) VALUES (2, 88);
INSERT INTO `VenueMedia` (`VenueID`, `MediaID`) VALUES (15, 96);
INSERT INTO `VenueMedia` (`VenueID`, `MediaID`) VALUES (3, 71);
INSERT INTO `VenueMedia` (`VenueID`, `MediaID`) VALUES (11, 79);
INSERT INTO `VenueMedia` (`VenueID`, `MediaID`) VALUES (10, 46);
INSERT INTO `VenueMedia` (`VenueID`, `MediaID`) VALUES (20, 99);
INSERT INTO `VenueMedia` (`VenueID`, `MediaID`) VALUES (3, 47);
INSERT INTO `VenueMedia` (`VenueID`, `MediaID`) VALUES (5, 21);
INSERT INTO `VenueMedia` (`VenueID`, `MediaID`) VALUES (5, 38);
INSERT INTO `VenueMedia` (`VenueID`, `MediaID`) VALUES (18, 63);
INSERT INTO `VenueMedia` (`VenueID`, `MediaID`) VALUES (10, 85);
INSERT INTO `VenueMedia` (`VenueID`, `MediaID`) VALUES (2, 26);
INSERT INTO `VenueMedia` (`VenueID`, `MediaID`) VALUES (8, 80);
INSERT INTO `VenueMedia` (`VenueID`, `MediaID`) VALUES (5, 13);
INSERT INTO `VenueMedia` (`VenueID`, `MediaID`) VALUES (11, 98);
INSERT INTO `VenueMedia` (`VenueID`, `MediaID`) VALUES (7, 54);
INSERT INTO `VenueMedia` (`VenueID`, `MediaID`) VALUES (17, 39);
INSERT INTO `VenueMedia` (`VenueID`, `MediaID`) VALUES (12, 92);
INSERT INTO `VenueMedia` (`VenueID`, `MediaID`) VALUES (6, 65);
INSERT INTO `VenueMedia` (`VenueID`, `MediaID`) VALUES (19, 82);
INSERT INTO `VenueMedia` (`VenueID`, `MediaID`) VALUES (16, 35);
INSERT INTO `VenueMedia` (`VenueID`, `MediaID`) VALUES (6, 87);
INSERT INTO `VenueMedia` (`VenueID`, `MediaID`) VALUES (2, 68);
INSERT INTO `VenueMedia` (`VenueID`, `MediaID`) VALUES (3, 61);
INSERT INTO `VenueMedia` (`VenueID`, `MediaID`) VALUES (7, 44);
INSERT INTO `VenueMedia` (`VenueID`, `MediaID`) VALUES (11, 19);
INSERT INTO `VenueMedia` (`VenueID`, `MediaID`) VALUES (3, 24);
INSERT INTO `VenueMedia` (`VenueID`, `MediaID`) VALUES (20, 42);
INSERT INTO `VenueMedia` (`VenueID`, `MediaID`) VALUES (4, 22);
INSERT INTO `VenueMedia` (`VenueID`, `MediaID`) VALUES (5, 57);
INSERT INTO `VenueMedia` (`VenueID`, `MediaID`) VALUES (13, 69);
INSERT INTO `VenueMedia` (`VenueID`, `MediaID`) VALUES (14, 6);
INSERT INTO `VenueMedia` (`VenueID`, `MediaID`) VALUES (9, 5);
INSERT INTO `VenueMedia` (`VenueID`, `MediaID`) VALUES (12, 9);
INSERT INTO `VenueMedia` (`VenueID`, `MediaID`) VALUES (17, 40);
INSERT INTO `VenueMedia` (`VenueID`, `MediaID`) VALUES (20, 72);
INSERT INTO `VenueMedia` (`VenueID`, `MediaID`) VALUES (18, 28);
INSERT INTO `VenueMedia` (`VenueID`, `MediaID`) VALUES (12, 75);
INSERT INTO `VenueMedia` (`VenueID`, `MediaID`) VALUES (8, 3);
INSERT INTO `VenueMedia` (`VenueID`, `MediaID`) VALUES (12, 89);
INSERT INTO `VenueMedia` (`VenueID`, `MediaID`) VALUES (13, 73);
INSERT INTO `VenueMedia` (`VenueID`, `MediaID`) VALUES (3, 36);
INSERT INTO `VenueMedia` (`VenueID`, `MediaID`) VALUES (13, 29);
INSERT INTO `VenueMedia` (`VenueID`, `MediaID`) VALUES (3, 83);
INSERT INTO `VenueMedia` (`VenueID`, `MediaID`) VALUES (18, 78);
INSERT INTO `VenueMedia` (`VenueID`, `MediaID`) VALUES (2, 52);
INSERT INTO `VenueMedia` (`VenueID`, `MediaID`) VALUES (1, 53);
INSERT INTO `VenueMedia` (`VenueID`, `MediaID`) VALUES (17, 94);
INSERT INTO `VenueMedia` (`VenueID`, `MediaID`) VALUES (3, 4);
INSERT INTO `VenueMedia` (`VenueID`, `MediaID`) VALUES (2, 62);
INSERT INTO `VenueMedia` (`VenueID`, `MediaID`) VALUES (7, 15);
INSERT INTO `VenueMedia` (`VenueID`, `MediaID`) VALUES (18, 14);
INSERT INTO `VenueMedia` (`VenueID`, `MediaID`) VALUES (2, 2);
INSERT INTO `VenueMedia` (`VenueID`, `MediaID`) VALUES (15, 97);
INSERT INTO `VenueMedia` (`VenueID`, `MediaID`) VALUES (6, 8);
INSERT INTO `VenueMedia` (`VenueID`, `MediaID`) VALUES (18, 67);

INSERT INTO `Video` (`ID`, `FileFormat`, `Duration`) VALUES (32, "ogg", 102);
INSERT INTO `Video` (`ID`, `FileFormat`, `Duration`) VALUES (66, "ogg", 168);
INSERT INTO `Video` (`ID`, `FileFormat`, `Duration`) VALUES (78, "wmv", 274);
INSERT INTO `Video` (`ID`, `FileFormat`, `Duration`) VALUES (50, "mov", 389);
INSERT INTO `Video` (`ID`, `FileFormat`, `Duration`) VALUES (28, "avi", 276);
INSERT INTO `Video` (`ID`, `FileFormat`, `Duration`) VALUES (70, "avi", 554);
INSERT INTO `Video` (`ID`, `FileFormat`, `Duration`) VALUES (96, "mov", 265);
INSERT INTO `Video` (`ID`, `FileFormat`, `Duration`) VALUES (60, "ogg", 531);
INSERT INTO `Video` (`ID`, `FileFormat`, `Duration`) VALUES (36, "ogg", 369);
INSERT INTO `Video` (`ID`, `FileFormat`, `Duration`) VALUES (76, "avi", 314);
INSERT INTO `Video` (`ID`, `FileFormat`, `Duration`) VALUES (52, "mp4", 367);
INSERT INTO `Video` (`ID`, `FileFormat`, `Duration`) VALUES (34, "wmv", 198);
INSERT INTO `Video` (`ID`, `FileFormat`, `Duration`) VALUES (30, "3gp", 257);
INSERT INTO `Video` (`ID`, `FileFormat`, `Duration`) VALUES (80, "mov", 112);
INSERT INTO `Video` (`ID`, `FileFormat`, `Duration`) VALUES (58, "avi", 70);
INSERT INTO `Video` (`ID`, `FileFormat`, `Duration`) VALUES (90, "ogg", 65);
INSERT INTO `Video` (`ID`, `FileFormat`, `Duration`) VALUES (48, "wmv", 310);
INSERT INTO `Video` (`ID`, `FileFormat`, `Duration`) VALUES (68, "ogg", 447);
INSERT INTO `Video` (`ID`, `FileFormat`, `Duration`) VALUES (24, "avi", 6);
INSERT INTO `Video` (`ID`, `FileFormat`, `Duration`) VALUES (38, "ogg", 357);
INSERT INTO `Video` (`ID`, `FileFormat`, `Duration`) VALUES (22, "3gp", 82);
INSERT INTO `Video` (`ID`, `FileFormat`, `Duration`) VALUES (86, "ogg", 346);
INSERT INTO `Video` (`ID`, `FileFormat`, `Duration`) VALUES (44, "avi", 390);
INSERT INTO `Video` (`ID`, `FileFormat`, `Duration`) VALUES (62, "avi", 174);
INSERT INTO `Video` (`ID`, `FileFormat`, `Duration`) VALUES (92, "ogg", 578);
INSERT INTO `Video` (`ID`, `FileFormat`, `Duration`) VALUES (82, "mp4", 404);
INSERT INTO `Video` (`ID`, `FileFormat`, `Duration`) VALUES (8, "mov", 89);
INSERT INTO `Video` (`ID`, `FileFormat`, `Duration`) VALUES (54, "ogg", 225);
INSERT INTO `Video` (`ID`, `FileFormat`, `Duration`) VALUES (4, "avi", 523);
INSERT INTO `Video` (`ID`, `FileFormat`, `Duration`) VALUES (74, "3gp", 35);
INSERT INTO `Video` (`ID`, `FileFormat`, `Duration`) VALUES (94, "avi", 358);
INSERT INTO `Video` (`ID`, `FileFormat`, `Duration`) VALUES (6, "mov", 169);
INSERT INTO `Video` (`ID`, `FileFormat`, `Duration`) VALUES (2, "3gp", 232);
INSERT INTO `Video` (`ID`, `FileFormat`, `Duration`) VALUES (100, "ogg", 547);
INSERT INTO `Video` (`ID`, `FileFormat`, `Duration`) VALUES (40, "ogg", 251);
INSERT INTO `Video` (`ID`, `FileFormat`, `Duration`) VALUES (72, "wmv", 53);
INSERT INTO `Video` (`ID`, `FileFormat`, `Duration`) VALUES (64, "ogg", 244);
INSERT INTO `Video` (`ID`, `FileFormat`, `Duration`) VALUES (42, "wmv", 563);
INSERT INTO `Video` (`ID`, `FileFormat`, `Duration`) VALUES (18, "3gp", 70);
INSERT INTO `Video` (`ID`, `FileFormat`, `Duration`) VALUES (84, "mov", 69);
INSERT INTO `Video` (`ID`, `FileFormat`, `Duration`) VALUES (98, "ogg", 400);
INSERT INTO `Video` (`ID`, `FileFormat`, `Duration`) VALUES (16, "wmv", 553);
INSERT INTO `Video` (`ID`, `FileFormat`, `Duration`) VALUES (14, "ogg", 312);
INSERT INTO `Video` (`ID`, `FileFormat`, `Duration`) VALUES (12, "mov", 573);
INSERT INTO `Video` (`ID`, `FileFormat`, `Duration`) VALUES (46, "mp4", 109);
INSERT INTO `Video` (`ID`, `FileFormat`, `Duration`) VALUES (20, "wmv", 280);
INSERT INTO `Video` (`ID`, `FileFormat`, `Duration`) VALUES (26, "mov", 178);
INSERT INTO `Video` (`ID`, `FileFormat`, `Duration`) VALUES (10, "avi", 267);
INSERT INTO `Video` (`ID`, `FileFormat`, `Duration`) VALUES (88, "wmv", 79);
INSERT INTO `Video` (`ID`, `FileFormat`, `Duration`) VALUES (56, "avi", 45);

INSERT INTO `CategoryRequirements` (`CatID`, `ReqID`) VALUES (1, 2);
INSERT INTO `CategoryRequirements` (`CatID`, `ReqID`) VALUES (1, 4);
INSERT INTO `CategoryRequirements` (`CatID`, `ReqID`) VALUES (14, 6);
INSERT INTO `CategoryRequirements` (`CatID`, `ReqID`) VALUES (11, 3);
INSERT INTO `CategoryRequirements` (`CatID`, `ReqID`) VALUES (10, 10);
INSERT INTO `CategoryRequirements` (`CatID`, `ReqID`) VALUES (8, 9);
INSERT INTO `CategoryRequirements` (`CatID`, `ReqID`) VALUES (5, 2);
INSERT INTO `CategoryRequirements` (`CatID`, `ReqID`) VALUES (5, 6);
INSERT INTO `CategoryRequirements` (`CatID`, `ReqID`) VALUES (5, 10);
INSERT INTO `CategoryRequirements` (`CatID`, `ReqID`) VALUES (4, 1);
INSERT INTO `CategoryRequirements` (`CatID`, `ReqID`) VALUES (9, 10);
INSERT INTO `CategoryRequirements` (`CatID`, `ReqID`) VALUES (5, 5);
INSERT INTO `CategoryRequirements` (`CatID`, `ReqID`) VALUES (8, 1);
INSERT INTO `CategoryRequirements` (`CatID`, `ReqID`) VALUES (9, 9);
INSERT INTO `CategoryRequirements` (`CatID`, `ReqID`) VALUES (3, 3);
INSERT INTO `CategoryRequirements` (`CatID`, `ReqID`) VALUES (10, 1);
INSERT INTO `CategoryRequirements` (`CatID`, `ReqID`) VALUES (12, 9);
INSERT INTO `CategoryRequirements` (`CatID`, `ReqID`) VALUES (13, 2);
INSERT INTO `CategoryRequirements` (`CatID`, `ReqID`) VALUES (7, 7);
INSERT INTO `CategoryRequirements` (`CatID`, `ReqID`) VALUES (7, 5);
INSERT INTO `CategoryRequirements` (`CatID`, `ReqID`) VALUES (6, 1);

INSERT INTO `ClubMedia` (`ClubID`, `MediaID`) VALUES (8, 86);
INSERT INTO `ClubMedia` (`ClubID`, `MediaID`) VALUES (5, 15);
INSERT INTO `ClubMedia` (`ClubID`, `MediaID`) VALUES (5, 93);
INSERT INTO `ClubMedia` (`ClubID`, `MediaID`) VALUES (8, 35);
INSERT INTO `ClubMedia` (`ClubID`, `MediaID`) VALUES (4, 7);
INSERT INTO `ClubMedia` (`ClubID`, `MediaID`) VALUES (10, 67);
INSERT INTO `ClubMedia` (`ClubID`, `MediaID`) VALUES (3, 10);
INSERT INTO `ClubMedia` (`ClubID`, `MediaID`) VALUES (4, 72);
INSERT INTO `ClubMedia` (`ClubID`, `MediaID`) VALUES (8, 65);
INSERT INTO `ClubMedia` (`ClubID`, `MediaID`) VALUES (15, 10);
INSERT INTO `ClubMedia` (`ClubID`, `MediaID`) VALUES (9, 4);
INSERT INTO `ClubMedia` (`ClubID`, `MediaID`) VALUES (3, 69);
INSERT INTO `ClubMedia` (`ClubID`, `MediaID`) VALUES (3, 94);
INSERT INTO `ClubMedia` (`ClubID`, `MediaID`) VALUES (2, 78);
INSERT INTO `ClubMedia` (`ClubID`, `MediaID`) VALUES (3, 92);
INSERT INTO `ClubMedia` (`ClubID`, `MediaID`) VALUES (4, 98);
INSERT INTO `ClubMedia` (`ClubID`, `MediaID`) VALUES (15, 45);
INSERT INTO `ClubMedia` (`ClubID`, `MediaID`) VALUES (9, 9);
INSERT INTO `ClubMedia` (`ClubID`, `MediaID`) VALUES (10, 11);
INSERT INTO `ClubMedia` (`ClubID`, `MediaID`) VALUES (12, 3);
INSERT INTO `ClubMedia` (`ClubID`, `MediaID`) VALUES (9, 90);
INSERT INTO `ClubMedia` (`ClubID`, `MediaID`) VALUES (4, 78);
INSERT INTO `ClubMedia` (`ClubID`, `MediaID`) VALUES (2, 58);
INSERT INTO `ClubMedia` (`ClubID`, `MediaID`) VALUES (12, 10);
INSERT INTO `ClubMedia` (`ClubID`, `MediaID`) VALUES (6, 58);
INSERT INTO `ClubMedia` (`ClubID`, `MediaID`) VALUES (11, 88);
INSERT INTO `ClubMedia` (`ClubID`, `MediaID`) VALUES (6, 2);
INSERT INTO `ClubMedia` (`ClubID`, `MediaID`) VALUES (6, 41);
INSERT INTO `ClubMedia` (`ClubID`, `MediaID`) VALUES (10, 63);
INSERT INTO `ClubMedia` (`ClubID`, `MediaID`) VALUES (10, 61);

INSERT INTO `Events` (`ID`, `StartTime`, `EndTime`, `EventName`, `EventDesc`, `VenueID`, `PresidentID`, `CatID`) VALUES (1, '2021-04-16 08:30:00', '2021-04-18 20:15:00', 'Graduation', 'Lorem ipsum dolor sit amet.', 14, 23, 8);
INSERT INTO `Events` (`ID`, `StartTime`, `EndTime`, `EventName`, `EventDesc`, `VenueID`, `PresidentID`, `CatID`) VALUES (2, '2021-02-02 09:15:00', '2021-03-01 18:45:00', 'Cricket League', 'Lorem ipsum dolor sit amet.', 4, 1, 10);
INSERT INTO `Events` (`ID`, `StartTime`, `EndTime`, `EventName`, `EventDesc`, `VenueID`, `PresidentID`, `CatID`) VALUES (3, '2021-01-22 19:15:00', '2021-01-22 21:30:00', 'Art Competition', 'Lorem ipsum dolor sit amet.', 8, 10, 11);
INSERT INTO `Events` (`ID`, `StartTime`, `EndTime`, `EventName`, `EventDesc`, `VenueID`, `PresidentID`, `CatID`) VALUES (4, '2021-05-22 08:00:00', '2021-05-22 09:30:00', 'Football Cup', 'Lorem ipsum dolor sit amet.', 19, 76, 8);
INSERT INTO `Events` (`ID`, `StartTime`, `EndTime`, `EventName`, `EventDesc`, `VenueID`, `PresidentID`, `CatID`) VALUES (5, '2021-05-06 09:30:00', '2021-05-07 16:30:00', 'Hackathon', 'Lorem ipsum dolor sit amet.', 7, 46, 3);
INSERT INTO `Events` (`ID`, `StartTime`, `EndTime`, `EventName`, `EventDesc`, `VenueID`, `PresidentID`, `CatID`) VALUES (6, '2021-04-22 20:00:00', '2021-04-24 20:00:00', 'New Year', 'Lorem ipsum dolor sit amet.', 10, 26, 1);
INSERT INTO `Events` (`ID`, `StartTime`, `EndTime`, `EventName`, `EventDesc`, `VenueID`, `PresidentID`, `CatID`) VALUES (7, '2021-06-08 08:00:00', '2021-06-08 22:00:00', 'Sports Fest', 'Lorem ipsum dolor sit amet.', 10, 83, 7);
INSERT INTO `Events` (`ID`, `StartTime`, `EndTime`, `EventName`, `EventDesc`, `VenueID`, `PresidentID`, `CatID`) VALUES (8, '2021-09-07 13:15:00', '2021-09-08 08:45:00', 'Formal Dinner', 'Lorem ipsum dolor sit amet.', 4, 39, 11);
INSERT INTO `Events` (`ID`, `StartTime`, `EndTime`, `EventName`, `EventDesc`, `VenueID`, `PresidentID`, `CatID`) VALUES (9, '2020-10-19 09:30:00', '2020-10-19 18:15:00', 'Science Olympiad', 'Lorem ipsum dolor sit amet.', 20, 39, 9);
INSERT INTO `Events` (`ID`, `StartTime`, `EndTime`, `EventName`, `EventDesc`, `VenueID`, `PresidentID`, `CatID`) VALUES (10, '2021-04-05 09:15:00', '2021-04-05 11:45:00', 'Christmas', 'Lorem ipsum dolor sit amet.', 11, 43, 13);
INSERT INTO `Events` (`ID`, `StartTime`, `EndTime`, `EventName`, `EventDesc`, `VenueID`, `PresidentID`, `CatID`) VALUES (11, '2021-05-07 10:30:00', '2021-05-07 22:45:00', 'Rowing Cup', 'Lorem ipsum dolor sit amet.', 4, 58, 5);
INSERT INTO `Events` (`ID`, `StartTime`, `EndTime`, `EventName`, `EventDesc`, `VenueID`, `PresidentID`, `CatID`) VALUES (12, '2021-05-27 08:45:00', '2021-05-27 18:00:00', 'BBQ', 'Lorem ipsum dolor sit amet.', 20, 75, 13);
INSERT INTO `Events` (`ID`, `StartTime`, `EndTime`, `EventName`, `EventDesc`, `VenueID`, `PresidentID`, `CatID`) VALUES (13, '2020-12-07 08:45:00', '2020-12-07 16:00:00', 'Mathletics', 'Lorem ipsum dolor sit amet.', 4, 87, 5);
INSERT INTO `Events` (`ID`, `StartTime`, `EndTime`, `EventName`, `EventDesc`, `VenueID`, `PresidentID`, `CatID`) VALUES (14, '2020-11-15 09:15:00', '2020-11-15 18:30:00', 'Relay Race', 'Lorem ipsum dolor sit amet.', 2, 13, 12);
INSERT INTO `Events` (`ID`, `StartTime`, `EndTime`, `EventName`, `EventDesc`, `VenueID`, `PresidentID`, `CatID`) VALUES (15, '2021-01-29 15:30:00', '2021-01-30 15:15:00', 'Table Tennis Cup', 'Lorem ipsum dolor sit amet.', 4, 66, 5);

INSERT INTO `EventMedia` (`EventID`, `MediaID`) VALUES (14, 71);
INSERT INTO `EventMedia` (`EventID`, `MediaID`) VALUES (14, 64);
INSERT INTO `EventMedia` (`EventID`, `MediaID`) VALUES (7, 94);
INSERT INTO `EventMedia` (`EventID`, `MediaID`) VALUES (11, 62);
INSERT INTO `EventMedia` (`EventID`, `MediaID`) VALUES (1, 6);
INSERT INTO `EventMedia` (`EventID`, `MediaID`) VALUES (13, 56);
INSERT INTO `EventMedia` (`EventID`, `MediaID`) VALUES (14, 97);
INSERT INTO `EventMedia` (`EventID`, `MediaID`) VALUES (1, 17);
INSERT INTO `EventMedia` (`EventID`, `MediaID`) VALUES (14, 61);
INSERT INTO `EventMedia` (`EventID`, `MediaID`) VALUES (4, 84);
INSERT INTO `EventMedia` (`EventID`, `MediaID`) VALUES (10, 25);
INSERT INTO `EventMedia` (`EventID`, `MediaID`) VALUES (8, 99);
INSERT INTO `EventMedia` (`EventID`, `MediaID`) VALUES (1, 78);
INSERT INTO `EventMedia` (`EventID`, `MediaID`) VALUES (7, 6);
INSERT INTO `EventMedia` (`EventID`, `MediaID`) VALUES (14, 35);
INSERT INTO `EventMedia` (`EventID`, `MediaID`) VALUES (4, 44);
INSERT INTO `EventMedia` (`EventID`, `MediaID`) VALUES (10, 4);
INSERT INTO `EventMedia` (`EventID`, `MediaID`) VALUES (9, 48);
INSERT INTO `EventMedia` (`EventID`, `MediaID`) VALUES (12, 96);
INSERT INTO `EventMedia` (`EventID`, `MediaID`) VALUES (5, 57);
INSERT INTO `EventMedia` (`EventID`, `MediaID`) VALUES (11, 3);
INSERT INTO `EventMedia` (`EventID`, `MediaID`) VALUES (11, 26);
INSERT INTO `EventMedia` (`EventID`, `MediaID`) VALUES (12, 95);
INSERT INTO `EventMedia` (`EventID`, `MediaID`) VALUES (15, 65);
INSERT INTO `EventMedia` (`EventID`, `MediaID`) VALUES (4, 48);
INSERT INTO `EventMedia` (`EventID`, `MediaID`) VALUES (3, 18);
INSERT INTO `EventMedia` (`EventID`, `MediaID`) VALUES (13, 67);
INSERT INTO `EventMedia` (`EventID`, `MediaID`) VALUES (15, 60);
INSERT INTO `EventMedia` (`EventID`, `MediaID`) VALUES (1, 82);
INSERT INTO `EventMedia` (`EventID`, `MediaID`) VALUES (11, 29);